bend_degrees,mode,knots,method,samples,sampled_area,sampled_total_area,sampled_components,inner_area,inner_components,radius_bound,margin,outer_margin,sweep_margin,audit_outside_area
30.0,forward,9,lipschitz,65,5.35341184791822,5.35341184791822,1,3.458065530726964,1,8.427148902472991,0.09107827546189605,,,0.0
30.0,forward,9,lipschitz,257,5.32266683306568,5.32266683306568,1,4.835617828528973,1,8.427148902472991,0.02276957513059866,,,0.0
30.0,forward,9,lipschitz,1025,5.314932480096111,5.314932480096111,1,5.192349729556749,1,8.427143833242914,0.0056923932066854305,,,0.0
30.0,reverse,9,lipschitz,65,0.8080965332793033,0.8080965332793033,1,0.7031780538275391,1,1.0263362227371147,0.03344353147070193,,,0.0
30.0,reverse,9,lipschitz,257,0.8066234675358037,0.8066234675358037,5,0.7796234676150973,1,1.034876217308454,0.008404635945689043,,,0.0
30.0,reverse,9,lipschitz,1025,0.8062879979068869,0.8062879979068869,1,0.7995332637471972,1,1.0263362227371147,0.0020902435920164236,,,0.0
60.0,forward,9,lipschitz,65,2.9049748486649443,2.9049748486649443,1,2.2249805376548557,1,3.9131085459180763,0.059490987152631146,,,0.0
60.0,forward,9,lipschitz,257,2.8911561844581373,2.8911561844581373,1,2.717944894539245,1,3.913108545918077,0.014872768007220594,,,0.0
60.0,forward,9,lipschitz,1025,2.8876665043940624,2.8876665043940624,1,2.8441631862673886,2,3.9131085459180763,0.0037181926222507435,,,0.0
60.0,reverse,9,lipschitz,65,0.8931363077750365,0.8931363077750365,1,0.7873222367121879,1,1.1074586237229085,0.030506476602232355,,,0.0
60.0,reverse,9,lipschitz,257,0.8904812965275419,0.8904812965275419,1,0.8634840716480175,1,1.107448500531388,0.007626625201040059,,,0.0
60.0,reverse,9,lipschitz,1025,0.8898429571540645,0.8898429571540645,2,0.8830596733441688,1,1.1074478430863766,0.0019066564512487357,,,0.0
90.0,forward,9,lipschitz,65,2.222143945477388,2.222143945477388,1,1.8199882199806696,1,2.287354177597791,0.045587430079759024,,,0.0
90.0,forward,9,lipschitz,257,2.214886142563717,2.214886142563717,1,2.1129793676185042,1,2.287354177597791,0.011396898973641888,,,0.0
90.0,forward,9,lipschitz,1025,2.213028228128224,2.213028228128224,1,2.187465851663766,1,2.2873438026493673,0.002849217602510227,,,0.0
90.0,reverse,9,lipschitz,65,1.0390095513697502,1.0390095513697502,1,0.9433266394009567,1,1.2100196374953913,0.023549645261408583,,,0.0
90.0,reverse,9,lipschitz,257,1.0353316128431647,1.0353316128431647,2,1.0110642443964517,1,1.2100173236911385,0.005887426145868722,,,0.0
90.0,reverse,9,lipschitz,1025,1.034433244134773,1.034433244134773,1,1.028344758322943,1,1.2100171528322647,0.0014718568373967304,,,0.0
120.0,forward,9,lipschitz,65,1.9510233694402859,1.9510233694402859,1,1.6357742318092072,1,1.574069457818433,0.03994842779649577,,,0.0
120.0,forward,9,lipschitz,257,1.9461734921722726,1.9461734921722726,1,1.8669327629834458,2,1.573906334454756,0.00998650713193639,,,0.0
120.0,forward,9,lipschitz,1025,1.9449324834581863,1.9449324834581863,1,1.9250949512659659,1,1.5738885720960876,0.0024966097883518243,,,0.0
120.0,reverse,9,lipschitz,65,1.4056645114570838,1.4056645114570838,2,1.268259552207849,1,1.794558084678791,0.025023991652037458,,,0.0
120.0,reverse,9,lipschitz,257,1.3986111246257429,1.3986111246257429,2,1.363775799512286,1,1.7945248623125782,0.006255939694153366,,,0.0
120.0,reverse,9,lipschitz,1025,1.3968833749938108,1.3968833749938108,2,1.3881443217294285,1,1.7945239169815663,0.001563984724697163,,,0.0
135.0,forward,9,lipschitz,65,1.8740151462890609,1.8740151462890609,1,1.574643028008142,1,1.3849493383873406,0.03850869933398611,,,0.0
135.0,forward,9,lipschitz,257,1.8700401818472145,1.8700401818472145,1,1.795681482774879,1,1.3849493383873412,0.009627259297154895,,,0.0
135.0,forward,9,lipschitz,1025,1.8689992380004157,1.8689992380004157,1,1.8504476256733084,1,1.384935660831594,0.002406800510455854,,,0.0
135.0,reverse,9,lipschitz,65,1.8114545451471693,1.8114545451471693,1,1.6231045072144503,1,2.363679765566462,0.026651918215221063,,,0.0
135.0,reverse,9,lipschitz,257,1.8016018308802448,1.8016018308802448,1,1.7538231304716907,1,2.363679765566462,0.006662985063548522,,,0.0
135.0,reverse,9,lipschitz,1025,1.7991864202432033,1.7991864202432033,2,1.787198653022783,1,2.363678041357025,0.001665745865256747,,,0.0
137.0,forward,9,lipschitz,65,1.8654144338389618,1.8654144338389618,1,1.5665007337067782,1,1.3676608982726675,0.038527748761482884,,,0.0
137.0,forward,9,lipschitz,257,1.8615911080354401,1.8615911080354401,1,1.7875633874479997,1,1.3675880919812191,0.009631684343529914,,,0.0
137.0,forward,9,lipschitz,1025,1.8605931823400577,1.8605931823400577,1,1.842131782136418,1,1.3675877518935355,0.002407922151703004,,,0.0
137.0,reverse,9,lipschitz,65,1.8885752994432998,1.8885752994432998,1,1.6890191943201815,1,2.470002465901277,0.027094814771579382,,,0.0
137.0,reverse,9,lipschitz,257,1.8782155936002165,1.8782155936002165,1,1.8275815381410936,1,2.4699997514423044,0.0067737047611669,,,0.0
137.0,reverse,9,lipschitz,1025,1.875675686195863,1.875675686195863,1,1.8629707323734346,1,2.4699960271661037,0.0016934250867436515,,,0.0
150.0,forward,9,lipschitz,65,1.8185978412595958,1.8185978412595958,1,1.5194127037869105,1,1.250866739419581,0.03700501790914886,,,0.0
150.0,forward,9,lipschitz,257,1.8149873374804988,1.8149873374804988,1,1.7430027589002892,1,1.2508667394195803,0.009251359087551286,,,0.0
150.0,forward,9,lipschitz,1025,1.8140125831591234,1.8140125831591234,1,1.7962164256210937,1,1.25086259254664,0.002312836197761279,,,0.0
150.0,reverse,9,lipschitz,65,2.6527595997671503,2.6527595997671503,1,2.32652442592311,1,3.511195342860768,0.03166527854325639,,,0.0
150.0,reverse,9,lipschitz,257,2.6375547530373975,2.6375547530373975,1,2.5545359424146357,1,3.511108685703917,0.007916233625915306,,,0.0
150.0,reverse,9,lipschitz,1025,2.633825054095268,2.633825054095268,1,2.6129793913978685,1,3.511105621899579,0.0019790579231804785,,,0.0
30.0,forward,9,swept_hull_second_order,257,5.32266683306568,5.32266683306568,1,5.298308654940598,1,8.427148902472991,,1.8879591817039304e-05,4.407487000753635e-06,0.0
30.0,forward,9,swept_hull_second_order,513,5.317512592195957,5.317512592195957,1,5.305424728414358,1,8.427148902472991,,4.720529990427512e-06,1.1025037863560941e-06,0.0
30.0,reverse,9,swept_hull_second_order,257,0.8066234675358037,0.8066234675358037,5,0.8061068366115822,1,1.034876217308454,,2.9446609434591072e-05,1.35287933872388e-05,0.0
30.0,reverse,9,swept_hull_second_order,513,0.8063983856556404,0.8063983856556404,2,0.8061610771596615,1,1.0263362227371147,,7.333818792451056e-06,3.3543647806129886e-06,0.0
60.0,forward,9,swept_hull_second_order,257,2.8911561844581373,2.8911561844581373,1,2.8755931611927013,2,3.913108545918077,,2.223495902881748e-05,8.185212826835083e-06,0.0
60.0,forward,9,swept_hull_second_order,513,2.8888311952669907,2.8888311952669907,1,2.8811080011317274,1,3.913108545918077,,5.559033240345314e-06,2.046596689849715e-06,0.0
60.0,reverse,9,swept_hull_second_order,257,0.8904812965275419,0.8904812965275419,1,0.8895738684166966,1,1.107448500531388,,2.1932171542820397e-05,9.265653173459605e-06,0.0
60.0,reverse,9,swept_hull_second_order,513,0.8900546235225953,0.8900546235225953,2,0.8896177666001518,1,1.1074479546375129,,5.483124802473586e-06,2.316495210133388e-06,0.0
90.0,forward,9,swept_hull_second_order,257,2.214886142563717,2.214886142563717,1,2.201846598157271,1,2.287354177597791,,2.4200751841233617e-05,1.0764961505416922e-05,0.0
90.0,forward,9,swept_hull_second_order,513,2.213649682606256,2.213649682606256,1,2.2071717176489054,1,2.2873438026493673,,6.050347304203925e-06,2.691399720249752e-06,0.0
90.0,reverse,9,swept_hull_second_order,257,1.0353316128431647,1.0353316128431647,2,1.03409744642916,1,1.2100173236911385,,1.2367945884799221e-05,5.694697409783109e-06,0.0
90.0,reverse,9,swept_hull_second_order,513,1.0347317751504501,1.0347317751504501,1,1.034126087167261,1,1.2100171528322647,,3.0920770214582393e-06,1.4237649027042117e-06,0.0
120.0,forward,9,swept_hull_second_order,257,1.9461734921722726,1.9461734921722726,1,1.9345924407529163,1,1.573906334454756,,2.7682942021996043e-05,1.3168350686800672e-05,0.0
120.0,forward,9,swept_hull_second_order,513,1.9453474891319051,1.9453474891319051,1,1.9395950900612249,1,1.5738885720960876,,6.9208163942054875e-06,3.2921685604066443e-06,0.0
120.0,reverse,9,swept_hull_second_order,257,1.3986111246257429,1.3986111246257429,2,1.3962769973707765,1,1.7945248623125782,,9.041998863460762e-06,3.753682717643401e-06,0.0
120.0,reverse,9,swept_hull_second_order,513,1.3974577277489755,1.3974577277489755,4,1.3963021829034827,1,1.7945244164795375,,2.260634072054522e-06,9.385550356001813e-07,0.0
135.0,forward,9,swept_hull_second_order,257,1.8700401818472145,1.8700401818472145,1,1.8593630443035545,1,1.3849493383873412,,2.963911518554993e-05,1.4665279453827313e-05,0.0
135.0,forward,9,swept_hull_second_order,513,1.8693485323159982,1.8693485323159982,1,1.864048097039233,1,1.384935660831594,,7.409846458526899e-06,3.666387525596245e-06,0.0
135.0,reverse,9,swept_hull_second_order,257,1.8016018308802448,1.8016018308802448,1,1.7983517806210174,1,2.363679765566462,,7.44014367743791e-06,2.781220318710768e-06,0.0
135.0,reverse,9,swept_hull_second_order,513,1.799989459585677,1.799989459585677,1,1.7983770454926804,1,2.3636786980624707,,1.860212881242582e-06,6.954820415607966e-07,0.0
137.0,forward,9,swept_hull_second_order,257,1.8615911080354401,1.8615911080354401,1,1.8510859617969595,1,1.3675880919812191,,3.0067720224342932e-05,1.4913694584434236e-05,0.0
137.0,forward,9,swept_hull_second_order,513,1.8609279753282777,1.8609279753282777,1,1.855713785025974,1,1.3675880919812191,,7.517032625192632e-06,3.7285262152154575e-06,0.0
137.0,reverse,9,swept_hull_second_order,257,1.8782155936002165,1.8782155936002165,1,1.8747993669259189,1,2.4699997514423044,,7.275672497367703e-06,2.6537442280090667e-06,0.0
137.0,reverse,9,swept_hull_second_order,513,1.8765201279385093,1.8765201279385093,1,1.8748249157208006,1,2.4699960271661037,,1.8191023737122356e-06,6.636203063725768e-07,0.0
150.0,forward,9,swept_hull_second_order,257,1.8149873374804988,1.8149873374804988,1,1.8054889613325595,1,1.2508667394195803,,3.095256794919842e-05,1.6352407553233598e-05,0.0
150.0,forward,9,swept_hull_second_order,513,1.8143413353919116,1.8143413353919116,1,1.8096267598077211,1,1.2508667394195805,,7.738235802305061e-06,4.0881957033138565e-06,0.0
150.0,reverse,9,swept_hull_second_order,257,2.6375547530373975,2.6375547530373975,1,2.632549002418626,1,3.511108685703917,,6.259922326581332e-06,1.8363465591467024e-06,0.0
150.0,reverse,9,swept_hull_second_order,513,2.635065151577401,2.635065151577401,1,2.632578310532025,1,3.5111065540620263,,1.5652436359191377e-06,4.593496940604803e-07,0.0
90.0,forward,17,swept_hull_second_order,513,2.2189588414948833,2.2189588414948833,1,2.212387025594912,1,2.256979921362088,,6.004430478019761e-06,2.6556721040043824e-06,0.0
90.0,forward,17,swept_hull_second_order,1025,2.2183633893765324,2.2183633893765324,1,2.2150879931699343,1,2.256978640506854,,1.5012765161238712e-06,6.640869226200269e-07,0.0
