paper_label	kind	lean_target	lean_declaration	module	status	placement
thm:quant-explicit-stability	theorem	MovingSofaQuantitative.Targets.ExplicitLocalStability	MovingSofaQuantitative.explicit_local_stability	MovingSofaQuantitative.ExplicitStability	source_uncompiled	Main 10 / G.2
thm:quant-centered-energy	theorem	MovingSofaQuantitative.Targets.CenteredEnergy	MovingSofaQuantitative.centered_energy	MovingSofaQuantitative.CenteredCap	source_uncompiled	G.1
thm:quant-centered-cap	corollary	MovingSofaQuantitative.Targets.CenteredCap	MovingSofaQuantitative.centered_cap	MovingSofaQuantitative.CenteredCap	source_uncompiled	G.1
cor:quant-centered-ki	corollary	MovingSofaQuantitative.Targets.CenteredKi	MovingSofaQuantitative.centered_ki	MovingSofaQuantitative.CenteredCap	source_uncompiled	G.1
cor:quant-centered-numeric	corollary	MovingSofaQuantitative.Targets.CenteredNumeric	MovingSofaQuantitative.centeredNumeric	MovingSofaQuantitative.CoefficientLowerBound	source_uncompiled	G.1
cor:quant-sofa-lower	corollary	MovingSofaQuantitative.Targets.SofaCoefficientLower	MovingSofaQuantitative.sofaCoefficientLower	MovingSofaQuantitative.CoefficientLowerBound	source_uncompiled	G.3
thm:quant-centered-sharpness	theorem	MovingSofaQuantitative.Targets.CenteredResidualSharpness	MovingSofaQuantitative.centered_residual_sharpness	MovingSofaQuantitative.CenteredCapSharpness	source_uncompiled	G.3
thm:quant-critical-face	theorem	MovingSofaQuantitative.Targets.CriticalFaceUpper	MovingSofaQuantitative.critical_face_upper	MovingSofaQuantitative.FullQCertificate	source_uncompiled	G.4
thm:quant-full-q	theorem	MovingSofaQuantitative.Targets.FullQFinite	MovingSofaQuantitative.full_q_finite	MovingSofaQuantitative.FullQCertificate	source_uncompiled	G.4
cor:quant-full-q-094	corollary	MovingSofaQuantitative.Targets.FullQ094	MovingSofaQuantitative.full_q_094	MovingSofaQuantitative.FullQCertificate	source_uncompiled	G.4
thm:quant-critical-lower	theorem	MovingSofaQuantitative.Targets.FeasibleCriticalLower	MovingSofaQuantitative.feasible_critical_lower	MovingSofaQuantitative.FeasibleCriticalLower	source_uncompiled	G.4
cor:quant-intrinsic-interval	corollary	MovingSofaQuantitative.Targets.IntrinsicInterval	MovingSofaQuantitative.intrinsic_interval	MovingSofaQuantitative.FeasibleCriticalLower	source_uncompiled	G.4
prop:quant-effective-entry	proposition	MovingSofaQuantitative.Targets.EffectiveEntry	MovingSofaQuantitative.effective_entry	MovingSofaQuantitative.EffectiveEntry	source_uncompiled	G.5
prop:quant-effective-angle	proposition	MovingSofaQuantitative.Targets.EffectiveAngleEntry	MovingSofaQuantitative.effective_angle_entry	MovingSofaQuantitative.EffectiveAngleEntry	source_uncompiled	G.5
prop:quant-explicit-cutoff	proposition	MovingSofaQuantitative.Targets.ExplicitCutoff	MovingSofaQuantitative.explicit_cutoff	MovingSofaQuantitative.ExplicitCutoff	source_uncompiled	G.5 final
