# The differences between the routes of the Lean proofs and those of Baek's proofs, reviewed.
# One line per difference: LABEL<TAB>+X or -X<TAB>reason. `+X`: the Lean proof uses result X, which
# the paper's argument does not reach; `-X`: the paper's proof cites X, and the Lean proof never
# reaches it. `*` stands for every result. Checked in CI by scripts/route_check.py
# (docs/verification.md); the departures are also listed in REPORT.md, Section 7.
#
# Results that the paper uses throughout without citing them.
*	+pro:rotating-hallway-parts	implicit: the paper uses the formulas of Proposition 2.2.2 for the walls, corners and quadrants of a supporting hallway throughout without citing it
*	+thm:limits-converging-to-vertex	implicit: the formalization's σ_K is the Lebesgue–Stieltjes measure of t ↦ ⟨v_K⁺(t), v_t⟩ + ∫h_K (a reading, REPORT.md Section 6), whose right-continuity is Theorem 2.1.3, so every use of σ_K reaches it
*	+thm:convex-body-space	implicit: the paper forms convex combinations of convex bodies, the convex domain of Theorem 7.1.1, without citing it
*	+pro:surface-area-measure-side-length	implicit: the paper reads the length of the edge of a convex body with outer normal u_t as σ_K({t}) (Proposition 2.1.2) without citing it
*	+thm:monotonization	implicit: the paper treats a monotone sofa as a moving sofa, which is Theorem 2.3.2, without citing it
*	+thm:cap-hallway-intersection	implicit: the paper uses that the cap of Gerver's sofa is a cap (Theorem 2.4.1) without citing it
*	+thm:sofa-area-functional	implicit: the paper uses that the area of Gerver's sofa is the sofa area functional of its cap (Theorem 2.5.10) without citing it
*	+pro:curve-area-line-segment	implicit: the paper evaluates the curve area functional of segments (Proposition 7.2.4) without citing it
*	+pro:curve-area-functional-additive	implicit: the paper splits curve areas along a subdivision of the curve (Proposition 7.2.6) without citing it
#
# Baek, Chapters 1–3.
thm:angle	+thm:monotone-sofa-structure	implicit: the paper infers from Δ_ω ⊆ 𝒩(K_ω) that Δ_ω is disjoint from the monotone sofa S_ω, which uses S_ω = K_ω \ 𝒩(K_ω) (Theorem 2.4.3) without citing it
pro:surface-area-measure-side-length	-thm:surface-area-measure	departure (reason 3): the paper takes X = {t} in Schneider's Theorem 2.1.1, but σ_K is defined directly as the Lebesgue–Stieltjes measure of t ↦ ⟨v_K⁺(t), v_t⟩ + ∫₀ᵗ h_K (REPORT.md Section 6), so its atom at t is computed as the jump of that function
thm:cap-hallway-intersection	+lem:cap-same-support-function	implicit: the paper takes h_𝒞(S)(ω) = h_𝒞(S)(π/2) = 1 from the standard position of S, which uses h_𝒞(S) = h_S on J_ω (Lemma 2.3.5) without citing it
pro:niche-extension-compatible	+thm:polygon-upper-bound	implicit: the paper's 𝒜_Θ(h_K) = 𝒜_Θ(K) ends with |K| − |𝒩_Θ(K)| = 𝒜_Θ(K) for the polygon cap K, the first part of Theorem 3.2.3, used without citation
thm:height-extensions	-pro:cap-niche-nef-polygons	in passing: the paper cites Proposition 3.3.3 for the defining half-planes of 𝒩_Θ(K′), which Definitions 3.3.3–3.3.4 already give, and the translation step uses neither the monotone Boolean function nor the distinct boundary lines that the proposition adds
thm:height-extensions	+thm:polygon-upper-bound	implicit: the paper's computation of 𝒜_Θ(K′) ends with |K| − |𝒩_Θ(K)| = 𝒜_Θ(K) for the polygon cap K, the first part of Theorem 3.2.3, used without citation
lem:maximum-polygon-cap-mirror	+pro:mirror-reflection	implicit: the paper's observation that M_ω preserves 𝒜_Θ uses that the mirror image of a cap is a cap whose wedges are the mirrored wedges (Proposition 2.5.4) without citing it
lem:maximum-polygon-cap-mirror	+thm:polygon-upper-bound	implicit: the paper's observation that M_ω preserves 𝒜_Θ compares |K| − |𝒩_Θ(K)| for the polygon caps K and K^m, which is 𝒜_Θ by Theorem 3.2.3, without citing it
lem:polygon-cap-bounded	+thm:polygon-upper-bound	implicit: the paper writes 𝒜_Θ(K) = |K| − |𝒩_Θ(K)| for the polygon cap K, the first part of Theorem 3.2.3, without citing it
thm:maximum-polygon-cap	+thm:polygon-upper-bound	implicit: the paper's proof starts from 𝒜_Θ(K) = |K| − |𝒩_Θ(K)| on 𝒦_Θ^c, the first part of Theorem 3.2.3, without citing it
thm:maximum-polygon-cap	+thm:height-extensions	implicit: the paper's 𝒜_Θ(K″) = 𝒜_Θ(K′) for a horizontal translate K″ of K′ is Theorem 3.3.6, used without citation
thm:maximum-polygon-cap	+pro:niche-extension-compatible	implicit: the paper's 𝒜_Θ(K″) = 𝒜_Θ(K′) for the horizontal translate K″, itself a polygon cap, also identifies 𝒜_Θ(K″) with the extended functional 𝒜_Θ(h_K″) of Theorem 3.3.6, which is Proposition 3.3.5, without citing it
lem:polyline-length	-thm:polyline	in passing: the paper cites Theorem 3.4.4 for 𝐩_K = ∂(F_ω \ 𝒩_Θ(K)) \ l⃗_K \ r⃗_K, which is how Definition 3.4.3 defines 𝐩_K (the polyline of Theorem 3.4.4); the formalization defines the polyline as that set, and the proof uses nothing else of the theorem
lem:not-balanced-positive	+thm:wedge-ends-in-cap	implicit: the paper follows the polyline 𝐩_K of Theorem 3.4.4 (Definitions 3.4.3–3.4.4) from A_K⁻(0) to C_K⁺(ω) without citing that theorem, whose proof rests on w_K(t), z_K(t) > 0 (Theorem 2.5.5)
lem:balancing	+pro:cap-extension-compatible	implicit: the paper takes the side of 𝒞_Θ(h) on l(t, h(t)) to have length σ_K(t), which uses 𝒞_Θ(h_K) = K (Proposition 3.3.4) without citing it
lem:balancing	+pro:niche-extension-compatible	implicit: the paper writes 𝒩_Θ(h) = 𝒩_Θ(K) for h = h_K, which is Proposition 3.3.5, without citing it
lem:height-positive-increment	-lem:not-balanced-positive	in passing: a footnote cites Lemma 3.4.6 to explain why the lemma assumes σ_K(t) > 0, and the proof does not use it
thm:balanced-polygon-sofa	+thm:height-extensions	implicit: the paper's 𝒜_Θ(K⁺) = 𝒜_Θ(K₀) for the translate K⁺ of the polygon cap K₀ is Theorem 3.3.6, used without citation
pro:balanced-maximum-cap-mirror	+pro:mirror-reflection	implicit: concluding that K_ω^m is a balanced maximum cap needs K_ω^m to be a cap, which is Proposition 2.5.4, used without citation
thm:balanced-maximum-cap	+thm:polygon-upper-bound	implicit: the paper applies Lemma 3.4.2 to the maximum polygon caps K_i, which needs 𝒜_{Θ_i}(K_i) ≥ 𝒜_{Θ_i}(K_1) = |K_1| > 0 with 𝒜_Θ = |K| − |𝒩_Θ(K)| on polygon caps (Theorem 3.2.3), without citing it
thm:limiting-maximum-cap-max	-thm:limiting-maximum-cap-connected	in passing: the paper refers to the proof of Theorem 3.5.4 only for its notation, the maximum polygon caps K_i with angle sets Θ_i converging to K, and does not use 𝒩(K) ⊆ K
lem:niche-in-cap	+pro:mirror-reflection	implicit: the paper's third case applies the second to the mirror image K^m "by Remark 2.5.1", which rests on Proposition 2.5.4, and the repair of E4 (a) obtains A_K⁻(0) ∈ l(π/2, 0) from C_{K^m}⁺(ω) ∈ l(ω, 0) the same way
thm:maximum-polygon-cap	-pro:wedge	analogue: the paper cites Proposition 2.5.3, the decomposition 𝒩(K) = ⋃_{t∈(0,ω)} T_K(t), for the same decomposition of the polygon niche, 𝒩_Θ(K) = ⋃_{t∈Θ} T_K(t), which follows from Definition 3.2.5 as Proposition 2.5.3 does from Definition 2.4.5; the proof uses it in this form
thm:balanced-polygon-sofa-connected	+pro:mirror-reflection	implicit: the paper obtains the remaining normal angles "by mirror symmetry" (Lemma 3.4.1), and carrying the claim for K^m back to K uses h_{K^m}(t) = h_K(ω + π/2 − t) and the mirrored sets of Proposition 2.5.4
#
# Baek, Chapters 4–7.
thm:balanced-polygon-sofa-ineq	+pro:mirror-reflection	implicit: the paper's reduction "by mirror symmetry (Lemma 3.4.1)" to w_K° ≤ σ_K(π/2) uses z_K° = w_{K^m}° and σ_K(ω) = σ_{K^m}(π/2), items 3 and 5 of Proposition 2.5.4.
thm:balanced-maximum-sofa-ineq	+pro:mirror-reflection	implicit: the paper's reduction "by mirror symmetry (Remark 2.5.5)" to σ_K(π/2) ≥ w_K° uses z_K° = w_{K^m}° and σ_K(ω) = σ_{K^m}(π/2), items 3 and 5 of Proposition 2.5.4.
thm:balanced-maximum-sofa-ineq	+pro:balanced-maximum-cap-mirror	implicit: the paper's reduction "by mirror symmetry" applies the w-part to the mirror image K^m, which is a balanced maximum cap by Proposition 3.5.1.
thm:balanced-consumed	+pro:mirror-reflection	implicit: the paper's "appeal to the mirror reflection of K" (its parenthetical reference is empty in the TeX) to assume h_K(0) ≥ d_{ω,min} + c_ω moves h_K, w_K° and σ_K between K and K^m by Proposition 2.5.4.
thm:boundary-measure	-thm:surface-area-weak-convergence	departure (reason 3): the paper proves dv_K⁺ = v_t σ_K for polygons and passes to the limit along polygons by the weak convergence of Theorem 4.1.3, while σ_K is defined as the Lebesgue–Stieltjes measure of t ↦ ⟨v_K⁺(t), v_t⟩ + ∫₀ᵗ h_K, so the proof integrates by parts in that definition.
thm:boundary-measure	+lem:vertex-bounded-variation	implicit: the statement and proof use the Lebesgue–Stieltjes measure dv_K⁺, which exists because v_K⁺ has bounded variation (Lemma 5.2.1, stated just before for this purpose).
lem:arm-length-convolution	+lem:vertex-bounded-variation	implicit: the paper writes v_K⁺(t + π/2) − v_K⁺(t) = ∫_{(t, t+π/2]} dv_K⁺, which needs v_K⁺ of bounded variation (Lemma 5.2.1) for dv_K⁺ to exist.
thm:injectivity-gerver	-thm:injectivity	departure (reason 1): the paper derives the theorem from Theorem 6.1.1 by calling Gerver's sofa a balanced maximum sofa, which is invalid (E12), so the proof checks the injectivity condition from Romik's formulas.
thm:injectivity-gerver	+thm:monotone-sofa-structure	departure (reason 1): the proof from Romik's formulas that replaces the paper's invalid argument (E12) identifies Gerver's sofa with the monotone sofa of cap K_G through Theorem 2.4.3.
thm:injectivity-gerver	+thm:niche-in-cap	departure (reason 1): the proof from Romik's formulas that replaces the paper's invalid argument (E12) obtains the monotone sofa of cap K_G from 𝒩(K_G) ⊆ K_G by Theorem 2.5.9.
lem:leg-bounded	-thm:limiting-maximum-cap-connected	departure (reason 1): the paper cites Theorem 3.5.4, which is about balanced maximum caps, for 𝒩(K) ⊆ K on a maximum polygon cap (E15), so the proof uses 𝒩_Θ(K) ⊆ K (Theorem 3.4.10) for the part of Q⁻_K(π/4) in F_{π/2}, which lies in 𝒩_Θ(K) ⊆ K.
lem:leg-bounded	-thm:monotonization-connected-iff	departure (reason 1): with only 𝒩_Θ(K) ⊆ K available (E15), condition (1) of Theorem 2.5.8 is not at hand, so the proof bounds the height of 𝐱_K(π/4) by the part of Q⁻_K(π/4) in F_{π/2}, which lies in 𝒩_Θ(K) ⊆ K instead of by (1) ⇒ (3) of Theorem 2.5.8.
cor:cap-nondegenerate	+pro:mirror-reflection	implicit: the paper's "mirror-symmetric argument (Proposition 3.5.1)" for t ∈ (π/2, π] moves σ_K to σ_{K^m} by the last item of Proposition 2.5.4.
pro:cap-nondegenerate-continuity	+pro:cap-nondegenerate	implicit: "(2) is by Theorem 6.2.3" joins the one-sided derivatives of Theorem 6.2.3 through f_K⁺ = f_K⁻ and g_K⁺ = g_K⁻ (Proposition 6.4.5), whose common values define f_K and g_K (Definition 6.4.1).
thm:leg-length-bounds	+pro:cap-nondegenerate	implicit: the paper's f_K and g_K are the common values f_K^± and g_K^± of Proposition 6.4.5 (Definition 6.4.1), through which the proof identifies f_K with the arm length f_K⁺ of Theorem 6.2.5.
lem:lower-bound-sequence	+pro:cap-nondegenerate	implicit: the paper's f_K and g_K are the common values of Proposition 6.4.5 (Definition 6.4.1), through which the mirror step identifies g_K(t) with f_{K^m}(π/2 − t).
lem:lower-bound-sequence	+pro:cap-tangent-arm-mirror	implicit: the step "this, by mirror symmetry, is equivalent to g_K(t) ≥ f_{n+1}(π/2 − t)" uses f_{K^m}^±(t) = g_K^∓(π/2 − t), Proposition 6.2.2 as corrected in E13.
thm:lower-bound-one	+pro:cap-nondegenerate-continuity	departure (reason 1): Lemma 6.5.2 gives f_K ≥ f_11 only on [0, π/2) and g_K ≥ f_11(π/2 − ·) only on (0, π/2], so the endpoint bounds f_K(π/2) > 1 and g_K(0) > 1 come from the continuity of f_K and g_K (Proposition 6.4.6), a gap in the paper's proof (E17 (b)).
thm:convex-body-linear	+lem:vertex-bounded-variation	implicit: the dv_K⁺ in the paper's σ_K = v_t · dv_K⁺ needs v_K⁺ of bounded variation on each interval (Lemma 5.2.1) for the Lebesgue–Stieltjes measure to exist
thm:convex-body-linear	+pro:lebesgue-stieltjes-sum	implicit: "(3) comes from (2)" carries the convex-linearity of v_K⁺ in K over to dv_K⁺, which is the linearity of the Lebesgue–Stieltjes measure in the function (Proposition 5.1.1)
thm:quadratic-variation	+lem:derivative-calculation	implicit: the paper takes the linear coefficient of the polynomial λ ↦ f(c_λ(K, K′)) to be Df(K; K′), which is the computation of Lemma 7.1.4.
thm:convex-curve-area-functional	-thm:curve-area-functional-area	departure (reason 2): the paper computes |K′| for the cut body K′ by Green's theorem for the Jordan curve ∂K′ (Theorem 7.2.3), and Mathlib has neither the Jordan curve theorem nor Green's theorem, so the proof computes the curve area functional of the normalized arc-length parametrization of the arc by a change of variables.
thm:convex-curve-area-functional	-thm:area-quadratic-expression	departure (reason 2): the paper's second evaluation of |K′|, by Theorem 7.1.3, serves the Green's theorem argument, which the direct computation of the curve area functional replaces because Mathlib has neither the Jordan curve theorem nor Green's theorem.
thm:convex-curve-area-functional	-pro:curve-area-line-segment	departure (reason 2): the paper uses Proposition 7.2.4 for the boundary segment of K′ and for a segment K′, inside the Green's theorem argument that the direct computation of the curve area functional replaces because Mathlib has neither the Jordan curve theorem nor Green's theorem.
thm:convex-curve-area-functional	-thm:surface-area-measure	departure (reason 3): the paper uses Schneider's Theorem 2.1.1 to get σ_K((a, b)) = 0 when the arc is a point, and σ_K = σ_{K′} on (a, b); Theorem 2.1.1 is not formalized, as σ_K is defined as a Lebesgue–Stieltjes measure, so the proof gets σ_K((a, b)) = 0 from v_K⁺ = p on [a, b), the edges e_K(t), t ∈ (a, b), being the point p as in the paper, and does not use K′
lem:convex-curve-bilinear-computation	+lem:vertex-bounded-variation	implicit: the paper integrates v_{K₁}^± × dv_{K₂}⁺, which needs v⁺ of bounded variation (Lemma 5.2.1) for dv⁺ to exist and v^± to be measurable.
lem:convex-curve-jordan-curve	-pro:jordan-curve-orientation	departure (reason 2): the paper orients the Jordan curve Γ by Proposition 7.2.7, and Mathlib has neither the Jordan curve theorem nor Green's theorem, so (1) is replaced by the area of the region, which is what the paper uses (1) for.
lem:convex-curve-jordan-curve	+thm:area-quadratic-expression	departure (reason 2): the replacement of (1) by the area |T| − |K′| of the region, forced by the absence of the Jordan curve theorem and Green's theorem in Mathlib, computes |K′| by Theorem 7.1.3.
thm:arm-length-differentiation	+lem:vertex-bounded-variation	implicit: the paper applies the product rule (Lemma 5.1.3) to h_K(t) = ⟨v_K⁺(t), u_t⟩, which needs v_K⁺ of bounded variation (Lemma 5.2.1) for dv_K⁺ to exist
thm:mamikon	+pro:lebesgue-stieltjes-sum	implicit: the paper applies Lemma 5.1.3 to the cross product 𝐳 × 𝐯, coordinate by coordinate, which splits d(𝐳 × 𝐯) = d(z₁v₂) − d(z₂v₁) by Proposition 5.1.1
#
# Baek, Chapter 8.
thm:cap-space-special	+thm:convex-body-linear	implicit: the paper's "the injectivity condition is made of linear constraints in K" rests on the linearity of h_K and σ_K in K, (1) and (3) of Theorem 7.1.2.
thm:cap-space-special	+thm:gerver-monotone	implicit: the paper's 𝒜(G) = |G| = 2.2195… applies Theorem 2.5.10 to Gerver's sofa, which needs the first claim of Theorem 8.4.1, that G is a monotone sofa with cap 𝒞(G).
thm:cap-space-special	+thm:limiting-maximum-cap-max	implicit: the paper's "any balanced maximum cap K attains the maximum value of the sofa area functional" is the statement of Theorem 3.5.5, used without citation.
thm:cap-space-special	+thm:monotone-sofa-structure	implicit: the paper's 𝒜(G) = |G| = 2.2195… is Theorem 2.5.10 for Gerver's sofa, whose proof rests on Theorem 2.4.3 (G = 𝒞(G) \ 𝒩(𝒞(G))), and the formalization computes |G|, which the paper takes from Romik, through this identity.
thm:cap-space-special	+thm:niche-in-cap	implicit: the paper's 𝒜(G) = |G| = 2.2195… is Theorem 2.5.10 for Gerver's sofa, whose proof rests on Theorem 2.5.9 (𝒩(𝒞(G)) ⊆ 𝒞(G)), and the formalization computes |G|, which the paper takes from Romik, through this identity.
pro:cap-tail-space	+thm:cap-space-special	implicit: the paper's "Recall that 𝒦^i is a convex subspace of 𝒦" is (1) of Theorem 8.1.1, recalled without citation.
lem:right-left-body	-lem:monotonicity-intervals	departure (reason 1): the paper puts the point p of δK on b_K^R in B_K by placing it outside the niche (Theorem 2.5.8 (2)) and applying Lemma 8.1.6 (1), but Theorem 2.5.8 (2) needs 𝒩(K) ⊆ K, which fails on 𝒦^i (E20), so the proof shows p ∈ B_K from the injectivity condition and the sublinearity of h_K instead.
lem:right-left-body	-thm:monotonization-connected-iff	departure (reason 1): the paper's step "p is outside the niche by (2) of Theorem 2.5.8" needs 𝒩(K) ⊆ K, which fails on 𝒦^i (E20), so the proof shows p ∈ B_K from the injectivity condition and the sublinearity of h_K instead.
lem:right-left-body	+thm:inner-corner-deriv	departure (reason 1): the argument that replaces the paper's (E20) excludes a normal angle of K at p beyond φ^R + π/2 (resp. below φ^L) by g_K(φ^R) > 1 (resp. f_K(φ^L) > 1), which Theorem 6.2.3 derives from the injectivity condition.
pro:upper-bound-q-quadratic	+pro:cap-tail-space	implicit: 𝒬 is quadratic on ℒ, the convex domain of Proposition 8.1.2, and the paper's proof uses that the projections of ℒ onto K, B and D are convex-linear.
lem:cap-left-right-tail	-pro:curve-area-functional-additive	departure (reason 2): the paper evaluates the area of the region R bounded by 𝐛_B and the segments [X_B, W_K^R], [W_K^R, W_B] by Green's theorem and the additivity of 𝒥 along its boundary, but Mathlib has neither the Jordan curve theorem nor Green's theorem, so the proof takes R as the part of the triangle X_B W_K^R W_B outside B, whose area Lemma 7.3.5 gives through Theorem 7.1.3.
lem:cap-left-right-tail	-thm:curve-area-functional-area	departure (reason 2): the paper computes the area of the Jordan region R by Green's theorem (Theorem 7.2.3), but Mathlib has neither the Jordan curve theorem nor Green's theorem, so the proof takes R as the part of the triangle X_B W_K^R W_B outside B, whose area Lemma 7.3.5 gives through Theorem 7.1.3.
lem:cap-left-right-tail	+thm:convex-curve-area-functional	implicit: when 𝐛_B is a single point the paper reads 𝒥(𝐛_B) = 0 off the constant curve, and with 𝒥(𝐮_B^{a,b}) read as ½∫_(a,b) h_B dσ_B (REPORT.md Section 6) that this value is the curve area functional of the arc is Theorem 7.3.2.
lem:cap-middle-lower-estimate	-thm:curve-area-functional-area	departure (reason 2): the paper gets |G| − |R| for the region G bounded by 𝐱_K|[φ^R, φ^L] and three segments by Green's theorem (Theorem 7.2.3), but Mathlib has neither the Jordan curve theorem nor Green's theorem, so the proof uses regions between graphs, whose areas Fubini gives.
thm:upper-bound-q	+thm:cap-tail-extension	implicit: 𝒬 is defined on ℒ (Definition 8.2.2), so the statement's 𝒬(K, B_K, D_K) presupposes (K, B_K, D_K) ∈ ℒ, which is Theorem 8.1.8, and the proof's last equality uses its conditions (3) and (5) (X_B on b_K^R, Y_D on d_K^L).
lem:mamikon-sofa-convex	+thm:cap-space-special	implicit: 𝒮_K is convex and quadratic on 𝒦^i, a convex domain by (1) of Theorem 8.1.1.
lem:mamikon-sofa-convex	+thm:tangent-line-parametrization	implicit: Mamikon's Theorem 7.4.2 takes curves in C^BV, and that the tangent-line parametrizations 𝐥_K^t in 𝒮_K, ℛ_B, ℒ_D are such curves is Theorem 8.3.1.
lem:upper-bound-decomposition	+thm:tangent-line-parametrization	implicit: unfolding ℛ_B and ℒ_D, the paper writes 𝒥 of the tangent-line parametrizations 𝐥_B^{3π/2} and 𝐥_D^{3π/2+φ^L} as the segment functionals 𝒥(W_K^R, W_B) and 𝒥(Z_D, Z_K^L), which is the last claim of Theorem 8.3.1.
lem:upper-boundary-tracing	-thm:convex-curve-area-functional	departure (reason 3): the paper turns ½∫_(0,π) h_K dσ_K into 𝒥(𝐮_K^{0,π}) by Theorem 7.3.2, outside its range a < b < a + π (E19), while the formalization reads 𝒥(𝐮_K^{a,b}) as ½∫_(a,b) h_K dσ_K (REPORT.md Section 6), so the pieces of the split integral are the convex curve area functionals by definition.
lem:upper-boundary-tracing	+thm:cap-space-special	implicit: ≡_K is equality up to a convex-linear functional on 𝒦^i, a convex domain by (1) of Theorem 8.1.1, so the proof evaluates the identity at combinations of caps of 𝒦^i.
lem:linvals	+thm:cap-space-special	implicit: ≡_K is equality up to a convex-linear functional on 𝒦^i, a convex domain by (1) of Theorem 8.1.1.
lem:mamikon-middle-eq	+thm:cap-space-special	implicit: ≡_K is equality up to a convex-linear functional on 𝒦^i, a convex domain by (1) of Theorem 8.1.1.
lem:mamikon-middle-eq	+thm:tangent-line-parametrization	implicit: expanding the Mamikon regions of 𝒮_K, the paper writes 𝒥 of each tangent-line parametrization as the segment functional of its endpoints, which is the last claim of Theorem 8.3.1.
thm:upper-bound-concave	+pro:cap-tail-space	implicit: the paper's "𝒬 is quadratic and concave on (K, B, D) ∈ ℒ" is about the convex domain ℒ of Proposition 8.1.2.
thm:upper-bound-concave	+thm:cap-space-special	implicit: the paper passes from ℒ to K through Lemmas 8.3.3 and 8.3.7, whose ≡_K and convexity are on 𝒦^i, a convex domain by (1) of Theorem 8.1.1.
pro:measure-translation	+pro:cap-nondegenerate	implicit: (1) of Theorem 8.4.1 identifies 𝐀 and 𝐂 with A_K and C_K, which the paper defines as the common values of A_K^± and C_K^± given by Proposition 6.4.5, so reading v_K^+(t) as 𝐀(t) uses Proposition 6.4.5.
thm:variation-convex-body	+thm:area-quadratic-expression	implicit: the paper's |K| = V(K, K) with V(K₁, K₂) = ½∫ h_{K₁} dσ_{K₂} (Schneider (5.19)) is the formula of Theorem 7.1.3, and the quadraticity of |K| is its second claim.
thm:variation-convex-body	+thm:cap-space-special	implicit: the directional derivative is taken on 𝒦^i, a convex domain by (1) of Theorem 8.1.1.
thm:variation-convex-body	+thm:convex-body-linear	implicit: the bilinearity of V(K₁, K₂) = ½∫ h_{K₁} dσ_{K₂}, which Lemma 7.1.4 needs, is the linearity of h_K and σ_K in K, (1) and (3) of Theorem 7.1.2.
thm:convex-curve-area-variation	+thm:convex-body-linear	implicit: the bilinearity of 𝓑(K₁, K₂) = ½∫_(a,b) h_{K₁} dσ_{K₂}, which Lemma 7.1.4 needs, is the linearity of h_K and σ_K in K, (1) and (3) of Theorem 7.1.2.
thm:convex-curve-area-variation	+thm:convex-curve-area-functional	implicit: the paper's f(K) = 𝓑(K, K), which makes f quadratic, is the formula 𝒥(𝐮_K^{a,b}) = ½∫_(a,b) h_K dσ_K of Theorem 7.3.2 and its last claim.
thm:variation-curve	+pro:curve-area-functional-quadratic	implicit: the paper's 2𝒥(𝐱) = 𝓑(𝐱, 𝐱) with 𝓑 bilinear, which makes 𝒥 quadratic on C^BV[a, b] as the theorem states, is Proposition 7.2.2.
thm:variation-inner-corner	+thm:cap-space-special	implicit: the directional derivative is taken on 𝒦^i, a convex domain by (1) of Theorem 8.1.1.
thm:variation-a2	+pro:cap-tail-space	implicit: the directional derivative of 𝒬 is taken on ℒ, the convex domain of Proposition 8.1.2.
thm:variation-a2	+thm:cap-space-special	implicit: the paper applies Theorems 8.5.1 and 8.5.5, stated on 𝒦^i, through the projection of ℒ onto 𝒦^i, which is convex-linear because 𝒦^i is a convex domain by (1) of Theorem 8.1.1.
thm:variation-a2	+thm:convex-body-linear	implicit: the paper applies Theorem 8.5.3 to 𝒥(Y_D, 𝐱_K^L) and 𝒥(𝐱_K^R, X_B), which needs the vertices Y_D and X_B to be linear in D and B, (2) of Theorem 7.1.2.
thm:variation-a2-gerver	+pro:cap-tail-space	implicit: the directional derivative of 𝒬 is taken on ℒ, the convex domain of Proposition 8.1.2.
thm:variation-a2-gerver	+thm:cap-space-special	implicit: the paper evaluates the derivative at Gerver's triple (K, B_K, D_K), which lies in ℒ because K = 𝒞(G) ∈ 𝒦^i, (3) of Theorem 8.1.1.
thm:variation-a2-gerver	+thm:cap-tail-extension	implicit: the paper evaluates the derivative at Gerver's triple (K, B_K, D_K), which lies in ℒ by Theorem 8.1.8.
cor:gerver-max-cap	+pro:cap-tail-space	implicit: Theorem 7.1.6 is applied on ℒ, the convex domain of Proposition 8.1.2.
cor:gerver-max-cap	+pro:upper-bound-q-quadratic	implicit: Theorem 7.1.6 needs 𝒬 quadratic on ℒ, which is Proposition 8.2.1.
cor:gerver-max-cap	+thm:cap-space-special	implicit: the corollary's triple (K, B_K, D_K) ∈ ℒ needs K = 𝒞(G) ∈ 𝒦^i, (3) of Theorem 8.1.1.
cor:gerver-max-cap	+thm:cap-tail-extension	implicit: the corollary's triple (K, B_K, D_K) ∈ ℒ is Theorem 8.1.8.
cor:gerver-max-cap	+thm:upper-bound-concave	implicit: Theorem 7.1.6 needs 𝒬 concave on ℒ, which is Theorem 8.3.8.
pro:measure-translation	+lem:vertex-bounded-variation	implicit: the paper takes the densities from dv⁺ = v_t σ (Theorem 5.2.2), and the measure dv⁺ exists because v⁺ has bounded variation (Lemma 5.2.1)
thm:convex-curve-area-variation	+lem:vertex-bounded-variation	implicit: the paper's integration by parts (Lemma 5.1.2) for v_{K₁}⁺ × v_{K₂}⁺ needs v⁺ of bounded variation, which is Lemma 5.2.1
thm:gerver-left-right	+lem:vertex-bounded-variation	departure (reason 3): the equalities 𝒥(𝐝_{D_K}) = 𝒥(𝐃) and 𝒥(𝐛_{B_K}) = 𝒥(𝐁) of (2), which the paper takes from the equality of the curves as oriented curves, are computed: the left sides from the densities of σ̆ (the computation of Proposition 8.4.4, through Theorem 5.2.2, whose dv_K⁺ needs v_K⁺ of bounded variation, Lemma 5.2.1), the right sides from the derivatives of 𝐃 and 𝐁, because 𝒥 of a convex arc is ½∫ h dσ by definition and orientations of curves are not formalized
